Timestamp,Size (inch),Panel,Resolution,Refresh (Hz),Score
2026-05-28 11:43:17,32.0,OLED,FHD (1920x1080),144,85.5
2026-05-28 11:43:38,31.9,LCD,FHD (1920x1080),60,78.2
2026-05-28 11:43:44,55.0,LCD,QHD (2560x1440),60,83.2
2026-05-28 11:45:14,27.0,Mini LED,UHD/4K (3840x2160),60,78.2
2026-05-28 11:45:23,85.0,OLED,UHD/4K (3840x2160),60,90.5
2026-05-28 12:06:48,45.0,Mini LED,QHD (2560x1440),87,78.2
2026-05-28 12:11:44,55.0,Micro LED,FHD (1920x1080),281,83.2
2026-05-28 13:28:56,27.0,Micro LED,UHD/4K (3840x2160),60,78.2
2023-01-01 00:00:00,100.0
